{
    "items": [
        {
            "Name": "Enviorment",
            "TextColor": {
                "r": 1.0,
                "g": 1.0,
                "b": 1.0,
                "a": 1.0
            },
            "FontSize": 12,
            "FontStyle": 0,
            "ImageColor": {
                "r": 0.23584908246994019,
                "g": 0.23584908246994019,
                "b": 0.23584908246994019,
                "a": 1.0
            },
            "ImageType": 0
        },
        {
            "Name": "Flags",
            "TextColor": {
                "r": 1.0,
                "g": 1.0,
                "b": 1.0,
                "a": 1.0
            },
            "FontSize": 12,
            "FontStyle": 0,
            "ImageColor": {
                "r": 0.3207547068595886,
                "g": 0.3207547068595886,
                "b": 0.3207547068595886,
                "a": 1.0
            },
            "ImageType": 0
        }
    ]
}